,Choke_Size (mm),Casing_pressure (kpag),Flowing _Temperature (Celcius),Gas_Rate
Choke_Size (mm),1.0,0.6535023407261898,-0.6260130276006073,0.8503483780410716
Casing_pressure (kpag),0.6535023407261898,1.0,-0.3180272352254742,0.5272858227928824
Flowing _Temperature (Celcius),-0.6260130276006073,-0.3180272352254742,1.0,-0.26908761855417485
Gas_Rate,0.8503483780410716,0.5272858227928824,-0.26908761855417485,1.0
